{
  "Add HTTP request-0" : {
    "transaction" : "Add HTTP request-0",
    "sampleCount" : 20,
    "errorCount" : 0,
    "errorPct" : 0.0,
    "meanResTime" : 28.85000000000001,
    "medianResTime" : 26.0,
    "minResTime" : 15.0,
    "maxResTime" : 73.0,
    "pct1ResTime" : 59.300000000000054,
    "pct2ResTime" : 72.44999999999999,
    "pct3ResTime" : 73.0,
    "throughput" : 0.2105750805449683,
    "receivedKBytesPerSec" : 0.16198241303249175,
    "sentKBytesPerSec" : 0.04606329886921182
  },
  "Add HTTP request-1" : {
    "transaction" : "Add HTTP request-1",
    "sampleCount" : 20,
    "errorCount" : 0,
    "errorPct" : 0.0,
    "meanResTime" : 58.1,
    "medianResTime" : 47.0,
    "minResTime" : 34.0,
    "maxResTime" : 184.0,
    "pct1ResTime" : 105.70000000000007,
    "pct2ResTime" : 180.24999999999994,
    "pct3ResTime" : 184.0,
    "throughput" : 0.2105551285965448,
    "receivedKBytesPerSec" : 0.39026722077758014,
    "sentKBytesPerSec" : 0.024674429132407593
  },
  "Add HTTP request" : {
    "transaction" : "Add HTTP request",
    "sampleCount" : 20,
    "errorCount" : 0,
    "errorPct" : 0.0,
    "meanResTime" : 88.04999999999998,
    "medianResTime" : 75.5,
    "minResTime" : 50.0,
    "maxResTime" : 220.0,
    "pct1ResTime" : 132.8,
    "pct2ResTime" : 215.69999999999993,
    "pct3ResTime" : 220.0,
    "throughput" : 0.21047535859739222,
    "receivedKBytesPerSec" : 0.5520250689306799,
    "sentKBytesPerSec" : 0.07070656577881144
  },
  "Total" : {
    "transaction" : "Total",
    "sampleCount" : 60,
    "errorCount" : 0,
    "errorPct" : 0.0,
    "meanResTime" : 58.333333333333314,
    "medianResTime" : 49.5,
    "minResTime" : 15.0,
    "maxResTime" : 220.0,
    "pct1ResTime" : 103.9,
    "pct2ResTime" : 133.39999999999995,
    "pct3ResTime" : 220.0,
    "throughput" : 0.6314260757921766,
    "receivedKBytesPerSec" : 1.1040501378613599,
    "sentKBytesPerSec" : 0.1414131315576229
  }
}